﻿<?xml version="1.0" encoding="utf-8" ?>
<configuration>
	<!-- See http://logging.apache.org/log4net/release/sdk/log4net.Layout.PatternLayout.html -->
	<log4net>
		<appender name="FileAppender" type="log4net.Appender.RollingFileAppender">
			<file type="log4net.Util.PatternString">
				<converter>
					<name value="folder" />
    				<type value="Greenshot.Helpers.SpecialFolderPatternConverter" />
  				</converter>
				<conversionPattern value="%folder{ApplicationData}\Greenshot\Greenshot.log" />
			</file>
			<appendToFile value="true" />
			<rollingStyle value="Size" />
			<maxSizeRollBackups value="3" />
			<maximumFileSize value="1MB" />
			<staticLogFileName value="true" />
			<layout type="log4net.Layout.PatternLayout">
				<conversionPattern value="%date{ISO8601} [%thread] %-5level - [%logger] %m%n%exception" />
			</layout>
		</appender>
		<appender name="TraceAppender" type="log4net.Appender.TraceAppender">
			<layout type="log4net.Layout.PatternLayout">
				<conversionPattern value="%date{ISO8601} [%thread] %-5level - %m%n%exception" />
			</layout>
		</appender>
		<appender name="ConsoleAppender" type="log4net.Appender.ConsoleAppender">
			<layout type="log4net.Layout.PatternLayout">
				<conversionPattern value="%date{ISO8601} [%thread] %-5level - [%logger] %m%n%exception" />
			</layout>
		</appender>
		<root>
			<level value="DEBUG" />
			<appender-ref ref="FileAppender" />
		</root>
	</log4net>
</configuration>